season,n_train,n_test,accuracy,log_loss,brier,auc,home_win_rate_actual
1960,3027,336,0.7202380952380952,0.5856619711354788,0.1944597065448761,0.6565104166666667,0.7142857142857143
1961,3363,384,0.6692708333333334,0.6046883976004935,0.2101142406463623,0.6799007444168734,0.6770833333333334
1962,3747,382,0.7094240837696335,0.5778061600881702,0.1959087252616882,0.7124650783187367,0.6780104712041884
1963,4129,381,0.7034120734908137,0.5983375194955368,0.2029394507408142,0.7049465648854961,0.6561679790026247
1964,4510,381,0.6587926509186351,0.6453837345942341,0.2230802476406097,0.6590582745004188,0.6404199475065617
1965,4891,382,0.7329842931937173,0.5509511474761539,0.1848034411668777,0.6664706696181517,0.7277486910994765
1966,5273,431,0.7192575406032483,0.5645753422854913,0.1911212503910064,0.7463676117929186,0.6450116009280742
1967,5704,524,0.6717557251908397,0.6150671713217755,0.2123309820890426,0.723969722455845,0.6087786259541985
1968,6228,604,0.6423841059602649,0.6366329225646769,0.2209733575582504,0.6745269286754003,0.6208609271523179
1969,6832,605,0.6578512396694215,0.6603417747584855,0.228014126420021,0.6167986425339366,0.6347107438016529
1970,7437,725,0.6579310344827586,0.6309437264435945,0.2189581096172332,0.6756675196755348,0.616551724137931
1971,8162,723,0.69432918395574,0.589601721654827,0.2005341351032257,0.7582837521362112,0.5905947441217151
1972,8885,728,0.6923076923076923,0.5728096770094594,0.1953360587358474,0.756393741359809,0.5989010989010989
1973,9613,726,0.6694214876033058,0.630367816689033,0.2181656509637832,0.6759011045798076,0.6225895316804407
1974,10339,774,0.6640826873385013,0.6347971525553682,0.2215070277452469,0.6105554458847873,0.6472868217054264
1975,11113,777,0.646074646074646,0.635144059505386,0.2218150496482849,0.6054270397297495,0.6563706563706564
1976,11890,942,0.6942675159235668,0.6097022373128628,0.2094387710094452,0.5987774557777884,0.6910828025477707
1977,12832,937,0.6926360725720384,0.6064242953180611,0.2087628692388534,0.632848576025408,0.6787620064034151
1978,13769,942,0.6740976645435244,0.6137499534823613,0.2111725360155105,0.6352421457684616,0.6656050955414012
1979,14711,937,0.6926360725720384,0.5837189344628407,0.2002297490835189,0.7031623931623932,0.6531483457844184
1980,15648,983,0.6795523906408952,0.5978617957615319,0.2055296897888183,0.7167170490485593,0.6144455747711088
1981,16631,977,0.6745138178096213,0.606175542878243,0.2092995196580886,0.7168557635330615,0.5977482088024565
1982,17608,974,0.704312114989733,0.5773227290323072,0.1972167640924453,0.7358910613899527,0.6211498973305954
1983,18582,1010,0.6702970297029703,0.6065033890680005,0.2091287672519683,0.6407222301695158,0.6752475247524753
1984,19592,997,0.6890672016048145,0.5898732209869333,0.2023034244775772,0.7033816805238633,0.6409227683049148
1985,20589,999,0.6946946946946947,0.5788786392924066,0.1972849667072296,0.7078011213220549,0.6586586586586587
1986,21588,1001,0.7072927072927073,0.5621788506851979,0.1912137269973755,0.7245823667979358,0.6673326673326674
1987,22589,1011,0.7091988130563798,0.553650239036867,0.1877081543207168,0.7328593855124468,0.6785361028684471
1988,23600,1072,0.7220149253731343,0.5426958608743204,0.1833719164133072,0.7508564790118188,0.6725746268656716
1989,24672,1164,0.7147766323024055,0.548593858301453,0.1846961677074432,0.7592770708501762,0.6512027491408935
1990,25836,1161,0.7011197243755384,0.5631920430807069,0.1919078826904297,0.7344356118732589,0.657192075796727
1991,26997,1165,0.7012875536480687,0.5738815054934243,0.1955722719430923,0.7315704872650265,0.6377682403433477
1992,28162,1167,0.676949443016281,0.5900663265384469,0.2025116980075836,0.7290756010331809,0.6161096829477292
1993,29329,1170,0.7239316239316239,0.5623979114765845,0.1903944909572601,0.7551939058171745,0.6170940170940171
1994,30499,1165,0.6755364806866953,0.6064119805052561,0.2085039764642715,0.7238027979553403,0.5948497854077254
1995,31664,1242,0.6924315619967794,0.5714302010110353,0.1946840584278106,0.7551202330738792,0.607085346215781
1996,32906,1246,0.6974317817014446,0.5794833869918063,0.1977429091930389,0.7660059420163101,0.5834670947030498
1997,34152,1245,0.7140562248995984,0.5627458862608334,0.1906442195177078,0.7690447919968624,0.5991967871485944
1998,35397,774,0.6524547803617571,0.6196866987511626,0.2152395248413086,0.6800431989996021,0.6227390180878553
1999,36171,1249,0.6813450760608487,0.5897336834322416,0.2027066498994827,0.7199574195370461,0.6180944755804644
2000,37420,1244,0.6720257234726688,0.5985053389310167,0.2064517140388488,0.7249055052747801,0.5972668810289389
2001,38664,1243,0.6572807723250201,0.6386738424901425,0.222207173705101,0.686253109702271,0.589702333065165
2002,39907,1260,0.669047619047619,0.5958689821723794,0.2064744234085083,0.7089868924893507,0.6261904761904762
2003,41167,1254,0.6555023923444976,0.6189525058207794,0.2149055153131485,0.6825558712351165,0.6196172248803827
2004,42421,1296,0.6612654320987654,0.6108539412985626,0.2121724039316177,0.7107259988073942,0.6018518518518519
2005,43717,1301,0.6671790930053805,0.6199292237417796,0.2153691798448562,0.687779067690659,0.6087624903920061
2006,45018,1292,0.6431888544891641,0.6370072615174283,0.2226506769657135,0.6686719410857341,0.5959752321981424
2007,46310,1297,0.6738627602158828,0.5943060314655585,0.2053372263908386,0.7204893990196028,0.6098689282960679
2008,47607,1298,0.6941448382126348,0.5804363183194872,0.1990785300731659,0.7409707902060102,0.613251155624037
2009,48905,1294,0.6862442040185471,0.5863306301201128,0.2011903226375579,0.7377890562730146,0.5973724884080371
2010,50199,1294,0.6731066460587326,0.5969994032712806,0.205862671136856,0.7177730782225671,0.606646058732612
2011,51493,1056,0.665719696969697,0.6132521479855413,0.2112821638584137,0.7106449788677898,0.5946969696969697
2012,52549,1294,0.6831530139103554,0.5939681654459803,0.2041148692369461,0.7233678922105349,0.6128284389489954
2013,53843,1302,0.6597542242703534,0.6154325892949332,0.2132661640644073,0.7168967906575857,0.5752688172043011
2014,55145,1294,0.6715610510046368,0.6089332450402152,0.2105011492967605,0.7291502297303569,0.5741885625965997
2015,56439,1299,0.6913010007698229,0.5830921649499008,0.1997678279876709,0.7395594930478652,0.5958429561200924
2016,57738,1293,0.6465583913379737,0.6313995205842485,0.2199831157922744,0.6891187630103885,0.5831399845320959
2017,59031,1296,0.6705246913580247,0.6211101432377822,0.2145354151725769,0.6999239002356638,0.5864197530864198
2018,60327,1296,0.6612654320987654,0.6199313433901591,0.2149064838886261,0.6976464393969217,0.5895061728395061
2019,61623,1121,0.6529884032114184,0.644181431998849,0.225055530667305,0.6926820498991999,0.5459411239964318
2020,62744,1153,0.6019080659150043,0.666004024086036,0.2354814708232879,0.672491373612046,0.5437987857762359
2021,63897,1301,0.6433512682551883,0.6483151557927371,0.2270605117082595,0.6905003694962932,0.5465026902382782
2022,65198,1298,0.6448382126348228,0.6510082706500895,0.2284977585077285,0.6522605588281926,0.5816640986132512
2023,66496,1231,0.6433793663688059,0.6239261531199145,0.2171867787837982,0.7191165440531095,0.5434606011372868
2024,67727,1294,0.6530139103554868,0.6192631870270843,0.2155027836561203,0.7220835895024895,0.5479134466769706
2025,69021,1299,0.6766743648960739,0.6097655112756694,0.2098182439804077,0.7324181094431922,0.5535026943802925
